1,0,42,0,10,0
2,0,45,0,10,0
3,0,0,85680,10,0
4,0,3,0,10,0
5,0.1,42,0,10,0
6,0.1,45,0,10,0
7,0.1,0,85680,10,0
8,0.1,3,0,10,0
9,0.2,42,0,10,0
10,0.2,45,0,10,0
11,0.2,0,85680,10,0
12,0.2,3,0,10,0
13,0.3,42,0,10,0
14,0.3,45,0,10,0
15,0.3,0,85680,10,0
16,0.3,3,0,10,0
17,0.4,42,0,10,0
18,0.4,45,0,10,0
19,0.4,0,85680,10,0
20,0.4,3,0,10,0
21,0.5,42,0,10,0
22,0.5,45,0,10,0
23,0.5,0,85680,10,0
24,0.5,3,0,10,0
25,0.6,42,0,10,0
26,0.6,45,0,10,0
27,0.6,0,85680,10,0
28,0.6,3,0,10,0
29,0.7,42,0,10,0
30,0.7,45,0,10,0
31,0.7,0,85680,10,0
32,0.7,3,0,10,0
33,0.8,42,0,10,0
34,0.8,45,0,10,0
35,0.8,0,85680,10,0
36,0.8,3,0,10,0
37,0.9,42,0,10,0
38,0.9,45,0,10,0
39,0.9,0,85680,10,0
40,0.9,3,0,10,0
41,1,42,0,10,0
42,1,45,0,10,0
43,1,0,85680,10,0
44,1,3,0,10,0
45,1.1,42,0,10,0
46,1.1,45,0,10,0
47,1.1,0,85680,10,0
48,1.1,3,0,10,0
49,1.2,42,0,10,0
50,1.2,45,0,10,0
51,1.2,0,85680,10,0
52,1.2,3,0,10,0
53,1.3,42,0,10,0
54,1.3,45,0,10,0
55,1.3,0,85680,10,0
56,1.3,3,0,10,0
57,1.4,42,0,10,0
58,1.4,45,0,10,0
59,1.4,0,85680,10,0
60,1.4,3,0,10,0
61,1.5,42,0,10,0
62,1.5,45,0,10,0
63,1.5,0,85680,10,0
64,1.5,3,0,10,0
65,1.6,42,0,10,0
66,1.6,45,0,10,0
67,1.6,0,85680,10,0
68,1.6,3,0,10,0
69,1.7,42,0,10,0
70,1.7,45,0,10,0
71,1.7,0,85680,10,0
72,1.7,3,0,10,0
73,1.8,42,0,10,0
74,1.8,45,0,10,0
75,1.8,0,85680,10,0
76,1.8,3,0,10,0
77,1.9,42,0,10,0
78,1.9,45,0,10,0
79,1.9,0,85680,10,0
80,1.9,3,0,10,0
81,2,42,0,10,0
82,2,45,0,10,0
83,2,0,85680,10,0
84,2,3,0,10,0
85,2.1,42,0,10,0
86,2.1,45,0,10,0
87,2.1,0,85680,10,0
88,2.1,3,0,10,0
89,2.2,42,0,10,0
90,2.2,45,0,10,0
91,2.2,0,85680,10,0
92,2.2,3,0,10,0
93,2.3,42,0,10,0
94,2.3,45,0,10,0
95,2.3,0,85680,10,0
96,2.3,3,0,10,0
97,2.4,42,0,10,0
98,2.4,45,0,10,0
99,2.4,0,85680,10,0
100,2.4,3,0,10,0
101,2.5,42,0,10,0
102,2.5,45,0,10,0
103,2.5,0,85680,10,0
104,2.5,3,0,10,0
105,2.6,42,0,10,0
106,2.6,45,0,10,0
107,2.6,0,85680,10,0
108,2.6,3,0,10,0
109,2.7,42,0,10,0
110,2.7,45,0,10,0
111,2.7,0,85680,10,0
112,2.7,3,0,10,0
113,2.8,42,0,10,0
114,2.8,45,0,10,0
115,2.8,0,85680,10,0
116,2.8,3,0,10,0
117,2.9,42,0,10,0
118,2.9,45,0,10,0
119,2.9,0,85680,10,0
120,2.9,3,0,10,0
121,3,42,0,10,0
122,3,45,0,10,0
123,3,0,85680,10,0
124,3,3,0,10,0
125,3.1,42,0,10,0
126,3.1,45,0,10,0
127,3.1,0,85680,10,0
128,3.1,3,-47.851,10,0
129,3.2,42,0,10,0
130,3.2,45,0,10,0
131,3.2,0,85680,10,0
132,3.2,3,-95.701,10,0
133,3.3,42,0,10,0
134,3.3,45,0,10,0
135,3.3,0,85680,10,0
136,3.3,3,-143.55,10,0
137,3.4,42,0,10,0
138,3.4,45,0,10,0
139,3.4,0,85680,10,0
140,3.4,3,-191.4,10,0
141,3.5,42,0,10,0
142,3.5,45,0,10,0
143,3.5,0,85680,10,0
144,3.5,3,-239.25,10,0
145,3.6,42,0,10,0
146,3.6,45,0,10,0
147,3.6,0,85680,10,0
148,3.6,3,-287.1,10,0
149,3.7,42,0,10,0
150,3.7,45,0,10,0
151,3.7,0,85680,10,0
152,3.7,3,-334.96,10,0
153,3.8,42,0,10,0
154,3.8,45,0,10,0
155,3.8,0,85680,10,0
156,3.8,3,-382.81,10,0
157,3.9,42,0,10,0
158,3.9,45,0,10,0
159,3.9,0,85680,10,0
160,3.9,3,-430.66,10,0
161,4,42,0,10,0
162,4,45,0,10,0
163,4,0,85680,10,0
164,4,3,-478.51,10,0
165,4.1,42,0,10,0
166,4.1,45,0,10,0
167,4.1,0,85680,10,0
168,4.1,3,-526.36,10,0
169,4.2,42,0,10,0
170,4.2,45,0,10,0
171,4.2,0,85680,10,0
172,4.2,3,-574.21,10,0
173,4.3,42,0,10,0
174,4.3,45,0,10,0
175,4.3,0,85680,10,0
176,4.3,3,-622.06,10,0
177,4.4,42,0,10,0
178,4.4,45,0,10,0
179,4.4,0,85680,10,0
180,4.4,3,-669.91,10,0
181,4.5,42,0,10,0
182,4.5,45,0,10,0
183,4.5,0,85680,10,0
184,4.5,3,-717.76,10,0
185,4.6,42,0,10,0
186,4.6,45,0,10,0
187,4.6,0,85680,10,0
188,4.6,3,-765.61,10,0
189,4.7,42,0,10,0
190,4.7,45,0,10,0
191,4.7,0,85680,10,0
192,4.7,3,-813.46,10,0
193,4.8,42,0,10,0
194,4.8,45,0,10,0
195,4.8,0,85680,10,0
196,4.8,3,-861.31,10,0
197,4.9,42,0,10,0
198,4.9,45,0,10,0
199,4.9,0,85680,10,0
200,4.9,3,-909.16,10,0
201,5,42,0,10,0
202,5,45,0,10,0
203,5,0,85680,10,0
204,5,3,-957.01,10,0
205,5.1,42,216.31,10,0
206,5.1,45,5064,10,0
207,5.1,0,85678,10,0
208,5.1,3,5966,10,0
209,5.2,42,1023.7,10,0
210,5.2,45,10844,10,0
211,5.2,0,85670,10,0
212,5.2,3,5505.3,10,0
213,5.3,42,2404.8,10,0
214,5.3,45,16323,10,0
215,5.3,0,85655,10,0
216,5.3,3,5402.6,10,0
217,5.4,42,4298.1,10,0
218,5.4,45,21726,10,0
219,5.4,0,85635,10,0
220,5.4,3,5418.5,10,0
221,5.5,42,6718.8,10,0
222,5.5,45,27121,10,0
223,5.5,0,85609,10,0
224,5.5,3,5476.5,10,0
225,5.6,42,9798.1,10,0
226,5.6,45,32599,10,0
227,5.6,0,85576,10,0
228,5.6,3,5523.2,10,0
229,5.7,42,13350,10,0
230,5.7,45,38117,10,0
231,5.7,0,85538,10,0
232,5.7,3,5567.4,10,0
233,5.8,42,17397,10,0
234,5.8,45,43674,10,0
235,5.8,0,85495,10,0
236,5.8,3,5611.4,10,0
237,5.9,42,21986,10,0
238,5.9,45,49276,10,0
239,5.9,0,85447,10,0
240,5.9,3,5655.6,10,0
241,6,42,27222,10,0
242,6,45,54929,10,0
243,6,0,85391,10,0
244,6,3,5699.3,10,0
245,6.1,42,33045,10,0
246,6.1,45,60627,10,0
247,6.1,0,85329,10,0
248,6.1,3,5738.3,10,0
249,6.2,42,39373,10,0
250,6.2,45,66362,10,0
251,6.2,0,85262,10,0
252,6.2,3,5776.3,10,0
253,6.3,42,46278,10,0
254,6.3,45,72138,10,0
255,6.3,0,85189,10,0
256,6.3,3,5803.8,10,0
257,6.4,42,53757,10,0
258,6.4,45,77942,10,0
259,6.4,0,85110,10,0
260,6.4,3,5818.9,10,0
261,6.5,42,61829,10,0
262,6.5,45,83762,10,0
263,6.5,0,85024,10,0
264,6.5,3,5831.4,10,0
265,6.6,42,70524,10,0
266,6.6,45,89596,10,0
267,6.6,0,84932,10,0
268,6.6,3,5843.9,10,0
269,6.7,42,79781,10,0
270,6.7,45,95441,10,0
271,6.7,0,84834,10,0
272,6.7,3,5855.6,10,0
273,6.8,42,89599,10,0
274,6.8,45,1.013e+05,10,0
275,6.8,0,84731,10,0
276,6.8,3,5856.7,10,0
277,6.9,42,1.0002e+05,10,0
278,6.9,45,1.0715e+05,10,0
279,6.9,0,84621,10,0
280,6.9,3,5825,10,0
281,7,42,1.1101e+05,10,0
282,7,45,1.1297e+05,10,0
283,7,0,84505,10,0
284,7,3,5788.5,10,0
285,7.1,42,1.2261e+05,10,0
286,7.1,45,1.1875e+05,10,0
287,7.1,0,84383,10,0
288,7.1,3,5751.2,10,0
289,7.2,42,1.3477e+05,10,0
290,7.2,45,1.2449e+05,10,0
291,7.2,0,84255,10,0
292,7.2,3,5712.5,10,0
293,7.3,42,1.4751e+05,10,0
294,7.3,45,1.302e+05,10,0
295,7.3,0,84121,10,0
296,7.3,3,5674.1,10,0
297,7.4,42,1.608e+05,10,0
298,7.4,45,1.3587e+05,10,0
299,7.4,0,83981,10,0
300,7.4,3,5637.5,10,0
301,7.5,42,1.7467e+05,10,0
302,7.5,45,1.415e+05,10,0
303,7.5,0,83836,10,0
304,7.5,3,5598.3,10,0
305,7.6,42,1.8909e+05,10,0
306,7.6,45,1.4708e+05,10,0
307,7.6,0,83685,10,0
308,7.6,3,5556.5,10,0
309,7.7,42,2.0409e+05,10,0
310,7.7,45,1.5263e+05,10,0
311,7.7,0,83528,10,0
312,7.7,3,5515.4,10,0
313,7.8,42,2.1963e+05,10,0
314,7.8,45,1.5814e+05,10,0
315,7.8,0,83366,10,0
316,7.8,3,5476.1,10,0
317,7.9,42,2.3571e+05,10,0
318,7.9,45,1.636e+05,10,0
319,7.9,0,83198,10,0
320,7.9,3,5434.3,10,0
321,8,42,2.5236e+05,10,0
322,8,45,1.6903e+05,10,0
323,8,0,83025,10,0
324,8,3,5391.5,10,0
325,8.1,42,2.6952e+05,10,0
326,8.1,45,1.7441e+05,10,0
327,8.1,0,82846,10,0
328,8.1,3,5332.3,10,0
329,8.2,42,2.8722e+05,10,0
330,8.2,45,1.7972e+05,10,0
331,8.2,0,82663,10,0
332,8.2,3,5254,10,0
333,8.3,42,3.0547e+05,10,0
334,8.3,45,1.8495e+05,10,0
335,8.3,0,82473,10,0
336,8.3,3,5173.8,10,0
337,8.4,42,3.2421e+05,10,0
338,8.4,45,1.9011e+05,10,0
339,8.4,0,82280,10,0
340,8.4,3,5098.5,10,0
341,8.5,42,3.4347e+05,10,0
342,8.5,45,1.9519e+05,10,0
343,8.5,0,82081,10,0
344,8.5,3,5018.3,10,0
345,8.6,42,3.6324e+05,10,0
346,8.6,45,2.0018e+05,10,0
347,8.6,0,81877,10,0
348,8.6,3,4939.4,10,0
349,8.7,42,3.835e+05,10,0
350,8.7,45,2.051e+05,10,0
351,8.7,0,81668,10,0
352,8.7,3,4862.8,10,0
353,8.8,42,4.0426e+05,10,0
354,8.8,45,2.0995e+05,10,0
355,8.8,0,81455,10,0
356,8.8,3,4781.4,10,0
357,8.9,42,4.2549e+05,10,0
358,8.9,45,2.1471e+05,10,0
359,8.9,0,81237,10,0
360,8.9,3,4704.5,10,0
361,9,42,4.4719e+05,10,0
362,9,45,2.1939e+05,10,0
363,9,0,81015,10,0
364,9,3,4622.8,10,0
365,9.1,42,4.6936e+05,10,0
366,9.1,45,2.24e+05,10,0
367,9.1,0,80789,10,0
368,9.1,3,4545.1,10,0
369,9.2,42,4.9199e+05,10,0
370,9.2,45,2.2852e+05,10,0
371,9.2,0,80558,10,0
372,9.2,3,4464.6,10,0
373,9.3,42,5.1507e+05,10,0
374,9.3,45,2.3296e+05,10,0
375,9.3,0,80324,10,0
376,9.3,3,4383.7,10,0
377,9.4,42,5.3858e+05,10,0
378,9.4,45,2.3733e+05,10,0
379,9.4,0,80085,10,0
380,9.4,3,4306.6,10,0
381,9.5,42,5.6253e+05,10,0
382,9.5,45,2.4162e+05,10,0
383,9.5,0,79842,10,0
384,9.5,3,4248.9,10,0
385,9.6,42,5.8691e+05,10,0
386,9.6,45,2.4586e+05,10,0
387,9.6,0,79596,10,0
388,9.6,3,4208.9,10,0
389,9.7,42,6.1171e+05,10,0
390,9.7,45,2.4999e+05,10,0
391,9.7,0,79346,10,0
392,9.7,3,3599,10,0
393,9.8,42,6.3688e+05,10,0
394,9.8,45,2.5332e+05,10,0
395,9.8,0,79093,10,0
396,9.8,3,2450.5,10,0
397,9.9,42,6.6233e+05,10,0
398,9.9,45,2.5553e+05,10,0
399,9.9,0,78838,10,0
400,9.9,3,1488.1,10,0
401,10,42,6.8796e+05,10,0
402,10,45,2.569e+05,10,0
403,10,0,78581,10,0
404,10,3,810.09,10,0
405,10.1,42,7.1369e+05,10,0
406,10.1,45,2.5756e+05,10,0
407,10.1,0,78324,10,0
408,10.1,3,150.99,10,0
409,10.2,42,7.3945e+05,10,0
410,10.2,45,2.5758e+05,10,0
411,10.2,0,78067,10,0
412,10.2,3,-295.89,10,0
413,10.3,42,7.6519e+05,10,0
414,10.3,45,2.5724e+05,10,0
415,10.3,0,77812,10,0
416,10.3,3,-518.11,10,0
417,10.4,42,7.9089e+05,10,0
418,10.4,45,2.5668e+05,10,0
419,10.4,0,77557,10,0
420,10.4,3,-851.07,10,0
421,10.5,42,8.1651e+05,10,0
422,10.5,45,2.5574e+05,10,0
423,10.5,0,77303,10,0
424,10.5,3,-1321,10,0
425,10.6,42,8.4202e+05,10,0
426,10.6,45,2.5434e+05,10,0
427,10.6,0,77051,10,0
428,10.6,3,-1662.5,10,0
429,10.7,42,8.6738e+05,10,0
430,10.7,45,2.5267e+05,10,0
431,10.7,0,76802,10,0
432,10.7,3,-1680.6,10,0
433,10.8,42,8.9255e+05,10,0
434,10.8,45,2.5099e+05,10,0
435,10.8,0,76554,10,0
436,10.8,3,-1669.4,10,0
437,10.9,42,9.1757e+05,10,0
438,10.9,45,2.4933e+05,10,0
439,10.9,0,76309,10,0
440,10.9,3,-1658.7,10,0
441,11,42,9.4242e+05,10,0
442,11,45,2.4767e+05,10,0
443,11,0,76066,10,0
444,11,3,-1648.2,10,0
445,11.1,42,9.6711e+05,10,0
446,11.1,45,2.4602e+05,10,0
447,11.1,0,75825,10,0
448,11.1,3,-1638.1,10,0
449,11.2,42,9.9163e+05,10,0
450,11.2,45,2.4438e+05,10,0
451,11.2,0,75587,10,0
452,11.2,3,-1626.9,10,0
453,11.3,42,1.016e+06,10,0
454,11.3,45,2.4275e+05,10,0
455,11.3,0,75350,10,0
456,11.3,3,-1617.9,10,0
457,11.4,42,1.0402e+06,10,0
458,11.4,45,2.4114e+05,10,0
459,11.4,0,75116,10,0
460,11.4,3,-1607.7,10,0
461,11.5,42,1.0642e+06,10,0
462,11.5,45,2.3953e+05,10,0
463,11.5,0,74883,10,0
464,11.5,3,-1598.5,10,0
465,11.6,42,1.0881e+06,10,0
466,11.6,45,2.3793e+05,10,0
467,11.6,0,74653,10,0
468,11.6,3,-1588.1,10,0
469,11.7,42,1.1118e+06,10,0
470,11.7,45,2.3634e+05,10,0
471,11.7,0,74425,10,0
472,11.7,3,-1578.9,10,0
473,11.8,42,1.1353e+06,10,0
474,11.8,45,2.3476e+05,10,0
475,11.8,0,74199,10,0
476,11.8,3,-1570.1,10,0
477,11.9,42,1.1587e+06,10,0
478,11.9,45,2.3319e+05,10,0
479,11.9,0,73975,10,0
480,11.9,3,-1560.8,10,0
481,12,42,1.182e+06,10,0
482,12,45,2.3163e+05,10,0
483,12,0,73752,10,0
484,12,3,-1551.5,10,0
485,12.1,42,1.2051e+06,10,0
486,12.1,45,2.3008e+05,10,0
487,12.1,0,73532,10,0
488,12.1,3,-1543.1,10,0
489,12.2,42,1.228e+06,10,0
490,12.2,45,2.2853e+05,10,0
491,12.2,0,73314,10,0
492,12.2,3,-1534.6,10,0
493,12.3,42,1.2508e+06,10,0
494,12.3,45,2.27e+05,10,0
495,12.3,0,73097,10,0
496,12.3,3,-1526.1,10,0
497,12.4,42,1.2734e+06,10,0
498,12.4,45,2.2547e+05,10,0
499,12.4,0,72883,10,0
500,12.4,3,-1517.6,10,0
501,12.5,42,1.2959e+06,10,0
502,12.5,45,2.2395e+05,10,0
503,12.5,0,72670,10,0
504,12.5,3,-1509.4,10,0
505,12.6,42,1.3182e+06,10,0
506,12.6,45,2.2244e+05,10,0
507,12.6,0,72460,10,0
508,12.6,3,-1501.4,10,0
509,12.7,42,1.3403e+06,10,0
510,12.7,45,2.2094e+05,10,0
511,12.7,0,72251,10,0
512,12.7,3,-1493.4,10,0
513,12.8,42,1.3624e+06,10,0
514,12.8,45,2.1944e+05,10,0
515,12.8,0,72044,10,0
516,12.8,3,-1485.6,10,0
517,12.9,42,1.3842e+06,10,0
518,12.9,45,2.1795e+05,10,0
519,12.9,0,71839,10,0
520,12.9,3,-1477.7,10,0
521,13,42,1.4059e+06,10,0
522,13,45,2.1647e+05,10,0
523,13,0,71635,10,0
524,13,3,-1470.2,10,0
525,13.1,42,1.4275e+06,10,0
526,13.1,45,2.15e+05,10,0
527,13.1,0,71433,10,0
528,13.1,3,-1462.7,10,0
529,13.2,42,1.449e+06,10,0
530,13.2,45,2.1354e+05,10,0
531,13.2,0,71234,10,0
532,13.2,3,-1455.4,10,0
533,13.3,42,1.4702e+06,10,0
534,13.3,45,2.1208e+05,10,0
535,13.3,0,71036,10,0
536,13.3,3,-1448.1,10,0
537,13.4,42,1.4914e+06,10,0
538,13.4,45,2.1063e+05,10,0
539,13.4,0,70839,10,0
540,13.4,3,-1440.9,10,0
541,13.5,42,1.5124e+06,10,0
542,13.5,45,2.0919e+05,10,0
543,13.5,0,70645,10,0
544,13.5,3,-1433.9,10,0
545,13.6,42,1.5332e+06,10,0
546,13.6,45,2.0775e+05,10,0
547,13.6,0,70452,10,0
548,13.6,3,-1427,10,0
549,13.7,42,1.5539e+06,10,0
550,13.7,45,2.0632e+05,10,0
551,13.7,0,70261,10,0
552,13.7,3,-1420.1,10,0
553,13.8,42,1.5745e+06,10,0
554,13.8,45,2.049e+05,10,0
555,13.8,0,70072,10,0
556,13.8,3,-1413.4,10,0
557,13.9,42,1.5949e+06,10,0
558,13.9,45,2.0349e+05,10,0
559,13.9,0,69884,10,0
560,13.9,3,-1406.8,10,0
561,14,42,1.6152e+06,10,0
562,14,45,2.0208e+05,10,0
563,14,0,69697,10,0
564,14,3,-1400.2,10,0
565,14.1,42,1.6353e+06,10,0
566,14.1,45,2.0067e+05,10,0
567,14.1,0,69513,10,0
568,14.1,3,-1393.8,10,0
569,14.2,42,1.6553e+06,10,0
570,14.2,45,1.9928e+05,10,0
571,14.2,0,69330,10,0
572,14.2,3,-1387.5,10,0
573,14.3,42,1.6752e+06,10,0
574,14.3,45,1.9789e+05,10,0
575,14.3,0,69149,10,0
576,14.3,3,-1381.2,10,0
577,14.4,42,1.6949e+06,10,0
578,14.4,45,1.9651e+05,10,0
579,14.4,0,68970,10,0
580,14.4,3,-1375,10,0
581,14.5,42,1.7145e+06,10,0
582,14.5,45,1.9513e+05,10,0
583,14.5,0,68791,10,0
584,14.5,3,-1368.9,10,0
585,14.6,42,1.7339e+06,10,0
586,14.6,45,1.9376e+05,10,0
587,14.6,0,68615,10,0
588,14.6,3,-1362.9,10,0
589,14.7,42,1.7532e+06,10,0
590,14.7,45,1.9239e+05,10,0
591,14.7,0,68440,10,0
592,14.7,3,-1357,10,0
593,14.8,42,1.7724e+06,10,0
594,14.8,45,1.9103e+05,10,0
595,14.8,0,68267,10,0
596,14.8,3,-1351.2,10,0
597,14.9,42,1.7914e+06,10,0
598,14.9,45,1.8968e+05,10,0
599,14.9,0,68095,10,0
600,14.9,3,-1345.5,10,0
601,15,42,1.8103e+06,10,0
602,15,45,1.8833e+05,10,0
603,15,0,67924,10,0
604,15,3,-1339.8,10,0
605,15.1,42,1.8291e+06,10,0
606,15.1,45,1.8699e+05,10,0
607,15.1,0,67756,10,0
608,15.1,3,-1334.2,10,0
609,15.2,42,1.8477e+06,10,0
610,15.2,45,1.8566e+05,10,0
611,15.2,0,67589,10,0
612,15.2,3,-1328.6,10,0
613,15.3,42,1.8662e+06,10,0
614,15.3,45,1.8433e+05,10,0
615,15.3,0,67423,10,0
616,15.3,3,-1323.2,10,0
617,15.4,42,1.8846e+06,10,0
618,15.4,45,1.83e+05,10,0
619,15.4,0,67259,10,0
620,15.4,3,-1317.9,10,0
621,15.5,42,1.9028e+06,10,0
622,15.5,45,1.8168e+05,10,0
623,15.5,0,67096,10,0
624,15.5,3,-1312.7,10,0
625,15.6,42,1.9209e+06,10,0
626,15.6,45,1.8037e+05,10,0
627,15.6,0,66934,10,0
628,15.6,3,-1307.5,10,0
629,15.7,42,1.9389e+06,10,0
630,15.7,45,1.7906e+05,10,0
631,15.7,0,66775,10,0
632,15.7,3,-1302.5,10,0
633,15.8,42,1.9567e+06,10,0
634,15.8,45,1.7775e+05,10,0
635,15.8,0,66616,10,0
636,15.8,3,-1297.5,10,0
637,15.9,42,1.9744e+06,10,0
638,15.9,45,1.7646e+05,10,0
639,15.9,0,66459,10,0
640,15.9,3,-1292.6,10,0
641,16,42,1.992e+06,10,0
642,16,45,1.7516e+05,10,0
643,16,0,66303,10,0
644,16,3,-1287.7,10,0
645,16.1,42,2.0095e+06,10,0
646,16.1,45,1.7387e+05,10,0
647,16.1,0,66149,10,0
648,16.1,3,-1282.9,10,0
649,16.2,42,2.0268e+06,10,0
650,16.2,45,1.7259e+05,10,0
651,16.2,0,65996,10,0
652,16.2,3,-1278.2,10,0
653,16.3,42,2.044e+06,10,0
654,16.3,45,1.7131e+05,10,0
655,16.3,0,65845,10,0
656,16.3,3,-1273.5,10,0
657,16.4,42,2.061e+06,10,0
658,16.4,45,1.7003e+05,10,0
659,16.4,0,65695,10,0
660,16.4,3,-1268.9,10,0
661,16.5,42,2.078e+06,10,0
662,16.5,45,1.6876e+05,10,0
663,16.5,0,65546,10,0
664,16.5,3,-1264.4,10,0
665,16.6,42,2.0948e+06,10,0
666,16.6,45,1.6749e+05,10,0
667,16.6,0,65399,10,0
668,16.6,3,-1259.9,10,0
669,16.7,42,2.1115e+06,10,0
670,16.7,45,1.6623e+05,10,0
671,16.7,0,65252,10,0
672,16.7,3,-1255.4,10,0
673,16.8,42,2.128e+06,10,0
674,16.8,45,1.6498e+05,10,0
675,16.8,0,65108,10,0
676,16.8,3,-1251.1,10,0
677,16.9,42,2.1445e+06,10,0
678,16.9,45,1.6372e+05,10,0
679,16.9,0,64965,10,0
680,16.9,3,-1246.7,10,0
681,17,42,2.1608e+06,10,0
682,17,45,1.6247e+05,10,0
683,17,0,64822,10,0
684,17,3,-1242.5,10,0
685,17.1,42,2.177e+06,10,0
686,17.1,45,1.6123e+05,10,0
687,17.1,0,64682,10,0
688,17.1,3,-1238.3,10,0
689,17.2,42,2.1931e+06,10,0
690,17.2,45,1.5999e+05,10,0
691,17.2,0,64542,10,0
692,17.2,3,-1234.1,10,0
693,17.3,42,2.209e+06,10,0
694,17.3,45,1.5876e+05,10,0
695,17.3,0,64404,10,0
696,17.3,3,-1230,10,0
697,17.4,42,2.2248e+06,10,0
698,17.4,45,1.5752e+05,10,0
699,17.4,0,64267,10,0
700,17.4,3,-1226,10,0
701,17.5,42,2.2405e+06,10,0
702,17.5,45,1.563e+05,10,0
703,17.5,0,64132,10,0
704,17.5,3,-1222,10,0
705,17.6,42,2.2561e+06,10,0
706,17.6,45,1.5507e+05,10,0
707,17.6,0,63997,10,0
708,17.6,3,-1218,10,0
709,17.7,42,2.2715e+06,10,0
710,17.7,45,1.5385e+05,10,0
711,17.7,0,63864,10,0
712,17.7,3,-1214.2,10,0
713,17.8,42,2.2868e+06,10,0
714,17.8,45,1.5264e+05,10,0
715,17.8,0,63733,10,0
716,17.8,3,-1210.3,10,0
717,17.9,42,2.302e+06,10,0
718,17.9,45,1.5142e+05,10,0
719,17.9,0,63602,10,0
720,17.9,3,-1206.5,10,0
721,18,42,2.3171e+06,10,0
722,18,45,1.5022e+05,10,0
723,18,0,63473,10,0
724,18,3,-1202.8,10,0
725,18.1,42,2.3321e+06,10,0
726,18.1,45,1.4901e+05,10,0
727,18.1,0,63344,10,0
728,18.1,3,-1199.1,10,0
729,18.2,42,2.3469e+06,10,0
730,18.2,45,1.4781e+05,10,0
731,18.2,0,63218,10,0
732,18.2,3,-1195.4,10,0
733,18.3,42,2.3617e+06,10,0
734,18.3,45,1.4661e+05,10,0
735,18.3,0,63091,10,0
736,18.3,3,-1191.8,10,0
737,18.4,42,2.3762e+06,10,0
738,18.4,45,1.4542e+05,10,0
739,18.4,0,62967,10,0
740,18.4,3,-1188.3,10,0
741,18.5,42,2.3907e+06,10,0
742,18.5,45,1.4423e+05,10,0
743,18.5,0,62844,10,0
744,18.5,3,-1184.8,10,0
745,18.6,42,2.4051e+06,10,0
746,18.6,45,1.4305e+05,10,0
747,18.6,0,62722,10,0
748,18.6,3,-1181.3,10,0
749,18.7,42,2.4193e+06,10,0
750,18.7,45,1.4186e+05,10,0
751,18.7,0,62601,10,0
752,18.7,3,-1177.9,10,0
753,18.8,42,2.4334e+06,10,0
754,18.8,45,1.4068e+05,10,0
755,18.8,0,62481,10,0
756,18.8,3,-1174.5,10,0
757,18.9,42,2.4475e+06,10,0
758,18.9,45,1.3951e+05,10,0
759,18.9,0,62362,10,0
760,18.9,3,-1171.2,10,0
761,19,42,2.4613e+06,10,0
762,19,45,1.3833e+05,10,0
763,19,0,62245,10,0
764,19,3,-1167.9,10,0
765,19.1,42,2.4751e+06,10,0
766,19.1,45,1.3717e+05,10,0
767,19.1,0,62129,10,0
768,19.1,3,-1164.7,10,0
769,19.2,42,2.4888e+06,10,0
770,19.2,45,1.36e+05,10,0
771,19.2,0,62013,10,0
772,19.2,3,-1161.5,10,0
773,19.3,42,2.5023e+06,10,0
774,19.3,45,1.3484e+05,10,0
775,19.3,0,61899,10,0
776,19.3,3,-1158.3,10,0
777,19.4,42,2.5158e+06,10,0
778,19.4,45,1.3368e+05,10,0
779,19.4,0,61786,10,0
780,19.4,3,-1155.2,10,0
781,19.5,42,2.529e+06,10,0
782,19.5,45,1.3252e+05,10,0
783,19.5,0,61675,10,0
784,19.5,3,-1152.1,10,0
785,19.6,42,2.5423e+06,10,0
786,19.6,45,1.3137e+05,10,0
787,19.6,0,61564,10,0
788,19.6,3,-1149.1,10,0
789,19.7,42,2.5553e+06,10,0
790,19.7,45,1.3022e+05,10,0
791,19.7,0,61454,10,0
792,19.7,3,-1146.1,10,0
793,19.8,42,2.5683e+06,10,0
794,19.8,45,1.2907e+05,10,0
795,19.8,0,61346,10,0
796,19.8,3,-1143.1,10,0
797,19.9,42,2.5811e+06,10,0
798,19.9,45,1.2792e+05,10,0
799,19.9,0,61239,10,0
800,19.9,3,-1140.1,10,0
801,20,42,2.5939e+06,10,0
802,20,45,1.2678e+05,10,0
803,20,0,61132,10,0
804,20,3,-1137.2,10,0
805,20.1,42,2.6065e+06,10,0
806,20.1,45,1.2564e+05,10,0
807,20.1,0,61027,10,0
808,20.1,3,-1134.4,10,0
809,20.2,42,2.619e+06,10,0
810,20.2,45,1.2451e+05,10,0
811,20.2,0,60922,10,0
812,20.2,3,-1131.6,10,0
813,20.3,42,2.6314e+06,10,0
814,20.3,45,1.2338e+05,10,0
815,20.3,0,60820,10,0
816,20.3,3,-1128.8,10,0
817,20.4,42,2.6437e+06,10,0
818,20.4,45,1.2224e+05,10,0
819,20.4,0,60717,10,0
820,20.4,3,-1126.1,10,0
821,20.5,42,2.6558e+06,10,0
822,20.5,45,1.2112e+05,10,0
823,20.5,0,60617,10,0
824,20.5,3,-1123.4,10,0
825,20.6,42,2.6679e+06,10,0
826,20.6,45,1.1999e+05,10,0
827,20.6,0,60517,10,0
828,20.6,3,-1120.7,10,0
829,20.7,42,2.6798e+06,10,0
830,20.7,45,1.1887e+05,10,0
831,20.7,0,60418,10,0
832,20.7,3,-1118.1,10,0
833,20.8,42,2.6917e+06,10,0
834,20.8,45,1.1775e+05,10,0
835,20.8,0,60320,10,0
836,20.8,3,-1115.4,10,0
837,20.9,42,2.7034e+06,10,0
838,20.9,45,1.1664e+05,10,0
839,20.9,0,60224,10,0
840,20.9,3,-1112.9,10,0
841,21,42,2.715e+06,10,0
842,21,45,1.1552e+05,10,0
843,21,0,60127,10,0
844,21,3,-1110.3,10,0
845,21.1,42,2.7265e+06,10,0
846,21.1,45,1.1441e+05,10,0
847,21.1,0,60033,10,0
848,21.1,3,-1107.8,10,0
849,21.2,42,2.7379e+06,10,0
850,21.2,45,1.133e+05,10,0
851,21.2,0,59939,10,0
852,21.2,3,-1105.3,10,0
853,21.3,42,2.7491e+06,10,0
854,21.3,45,1.1219e+05,10,0
855,21.3,0,59847,10,0
856,21.3,3,-1102.9,10,0
857,21.4,42,2.7604e+06,10,0
858,21.4,45,1.1109e+05,10,0
859,21.4,0,59755,10,0
860,21.4,3,-1100.5,10,0
861,21.5,42,2.7714e+06,10,0
862,21.5,45,1.0999e+05,10,0
863,21.5,0,59665,10,0
864,21.5,3,-1098.1,10,0
865,21.6,42,2.7823e+06,10,0
866,21.6,45,1.0889e+05,10,0
867,21.6,0,59575,10,0
868,21.6,3,-1095.8,10,0
869,21.7,42,2.7931e+06,10,0
870,21.7,45,1.0779e+05,10,0
871,21.7,0,59486,10,0
872,21.7,3,-1093.5,10,0
873,21.8,42,2.8039e+06,10,0
874,21.8,45,1.067e+05,10,0
875,21.8,0,59398,10,0
876,21.8,3,-1091.2,10,0
877,21.9,42,2.8145e+06,10,0
878,21.9,45,1.056e+05,10,0
879,21.9,0,59312,10,0
880,21.9,3,-1088.9,10,0
881,22,42,2.825e+06,10,0
882,22,45,1.0451e+05,10,0
883,22,0,59226,10,0
884,22,3,-1086.7,10,0
885,22.1,42,2.8354e+06,10,0
886,22.1,45,1.0343e+05,10,0
887,22.1,0,59141,10,0
888,22.1,3,-1084.5,10,0
889,22.2,42,2.8457e+06,10,0
890,22.2,45,1.0234e+05,10,0
891,22.2,0,59058,10,0
892,22.2,3,-1082.4,10,0
893,22.3,42,2.8559e+06,10,0
894,22.3,45,1.0126e+05,10,0
895,22.3,0,58975,10,0
896,22.3,3,-1080.2,10,0
897,22.4,42,2.8659e+06,10,0
898,22.4,45,1.0018e+05,10,0
899,22.4,0,58893,10,0
900,22.4,3,-1078.1,10,0
901,22.5,42,2.8759e+06,10,0
902,22.5,45,99096,10,0
903,22.5,0,58812,10,0
904,22.5,3,-1076,10,0
905,22.6,42,2.8857e+06,10,0
906,22.6,45,98019,10,0
907,22.6,0,58732,10,0
908,22.6,3,-1074,10,0
909,22.7,42,2.8955e+06,10,0
910,22.7,45,96943,10,0
911,22.7,0,58653,10,0
912,22.7,3,-1072,10,0
913,22.8,42,2.9051e+06,10,0
914,22.8,45,95871,10,0
915,22.8,0,58575,10,0
916,22.8,3,-1070,10,0
917,22.9,42,2.9147e+06,10,0
918,22.9,45,94799,10,0
919,22.9,0,58498,10,0
920,22.9,3,-1068,10,0
921,23,42,2.9241e+06,10,0
922,23,45,93731,10,0
923,23,0,58422,10,0
924,23,3,-1066.1,10,0
925,23.1,42,2.9335e+06,10,0
926,23.1,45,92662,10,0
927,23.1,0,58347,10,0
928,23.1,3,-1064.1,10,0
929,23.2,42,2.9426e+06,10,0
930,23.2,45,91598,10,0
931,23.2,0,58273,10,0
932,23.2,3,-1062.2,10,0
933,23.3,42,2.9518e+06,10,0
934,23.3,45,90534,10,0
935,23.3,0,58199,10,0
936,23.3,3,-1060.4,10,0
937,23.4,42,2.9607e+06,10,0
938,23.4,45,89473,10,0
939,23.4,0,58127,10,0
940,23.4,3,-1058.5,10,0
941,23.5,42,2.9696e+06,10,0
942,23.5,45,88413,10,0
943,23.5,0,58055,10,0
944,23.5,3,-1056.7,10,0
945,23.6,42,2.9784e+06,10,0
946,23.6,45,87356,10,0
947,23.6,0,57985,10,0
948,23.6,3,-1054.9,10,0
949,23.7,42,2.9871e+06,10,0
950,23.7,45,86300,10,0
951,23.7,0,57915,10,0
952,23.7,3,-1053.2,10,0
953,23.8,42,2.9957e+06,10,0
954,23.8,45,85245,10,0
955,23.8,0,57846,10,0
956,23.8,3,-1051.4,10,0
957,23.9,42,3.0041e+06,10,0
958,23.9,45,84193,10,0
959,23.9,0,57779,10,0
960,23.9,3,-1049.7,10,0
961,24,42,3.0126e+06,10,0
962,24,45,83141,10,0
963,24,0,57711,10,0
964,24,3,-1048,10,0
965,24.1,42,3.0208e+06,10,0
966,24.1,45,82093,10,0
967,24.1,0,57645,10,0
968,24.1,3,-1046.4,10,0
969,24.2,42,3.029e+06,10,0
970,24.2,45,81045,10,0
971,24.2,0,57580,10,0
972,24.2,3,-1044.7,10,0
973,24.3,42,3.037e+06,10,0
974,24.3,45,80000,10,0
975,24.3,0,57516,10,0
976,24.3,3,-1043.1,10,0
977,24.4,42,3.0449e+06,10,0
978,24.4,45,78956,10,0
979,24.4,0,57452,10,0
980,24.4,3,-1041.5,10,0
981,24.5,42,3.0528e+06,10,0
982,24.5,45,77913,10,0
983,24.5,0,57390,10,0
984,24.5,3,-1039.9,10,0
985,24.6,42,3.0605e+06,10,0
986,24.6,45,76872,10,0
987,24.6,0,57328,10,0
988,24.6,3,-1038.4,10,0
989,24.7,42,3.0682e+06,10,0
990,24.7,45,75832,10,0
991,24.7,0,57267,10,0
992,24.7,3,-1036.9,10,0
993,24.8,42,3.0757e+06,10,0
994,24.8,45,74795,10,0
995,24.8,0,57208,10,0
996,24.8,3,-1035.4,10,0
997,24.9,42,3.0832e+06,10,0
998,24.9,45,73758,10,0
999,24.9,0,57148,10,0
1000,24.9,3,-1033.9,10,0
1001,25,42,3.0904e+06,10,0
1002,25,45,72724,10,0
1003,25,0,57090,10,0
1004,25,3,-1032.4,10,0
1005,25.1,42,3.0977e+06,10,0
1006,25.1,45,71690,10,0
1007,25.1,0,57033,10,0
1008,25.1,3,-1031,10,0
1009,25.2,42,3.1048e+06,10,0
1010,25.2,45,70658,10,0
1011,25.2,0,56977,10,0
1012,25.2,3,-1029.6,10,0
1013,25.3,42,3.1118e+06,10,0
1014,25.3,45,69628,10,0
1015,25.3,0,56921,10,0
1016,25.3,3,-1028.2,10,0
1017,25.4,42,3.1187e+06,10,0
1018,25.4,45,68598,10,0
1019,25.4,0,56866,10,0
1020,25.4,3,-1026.8,10,0
1021,25.5,42,3.1255e+06,10,0
1022,25.5,45,67571,10,0
1023,25.5,0,56813,10,0
1024,25.5,3,-1025.5,10,0
1025,25.6,42,3.1322e+06,10,0
1026,25.6,45,66544,10,0
1027,25.6,0,56759,10,0
1028,25.6,3,-1024.2,10,0
1029,25.7,42,3.1388e+06,10,0
1030,25.7,45,65519,10,0
1031,25.7,0,56707,10,0
1032,25.7,3,-1022.9,10,0
1033,25.8,42,3.1453e+06,10,0
1034,25.8,45,64495,10,0
1035,25.8,0,56656,10,0
1036,25.8,3,-1021.6,10,0
1037,25.9,42,3.1517e+06,10,0
1038,25.9,45,63473,10,0
1039,25.9,0,56605,10,0
1040,25.9,3,-1020.3,10,0
1041,26,42,3.158e+06,10,0
1042,26,45,62452,10,0
1043,26,0,56556,10,0
1044,26,3,-1019.1,10,0
1045,26.1,42,3.1642e+06,10,0
1046,26.1,45,61431,10,0
1047,26.1,0,56506,10,0
1048,26.1,3,-1017.9,10,0
1049,26.2,42,3.1703e+06,10,0
1050,26.2,45,60413,10,0
1051,26.2,0,56459,10,0
1052,26.2,3,-1016.7,10,0
1053,26.3,42,3.1763e+06,10,0
1054,26.3,45,59395,10,0
1055,26.3,0,56412,10,0
1056,26.3,3,-1015.5,10,0
1057,26.4,42,3.1822e+06,10,0
1058,26.4,45,58379,10,0
1059,26.4,0,56365,10,0
1060,26.4,3,-1014.4,10,0
1061,26.5,42,3.1879e+06,10,0
1062,26.5,45,57364,10,0
1063,26.5,0,56320,10,0
1064,26.5,3,-1013.2,10,0
1065,26.6,42,3.1937e+06,10,0
1066,26.6,45,56349,10,0
1067,26.6,0,56275,10,0
1068,26.6,3,-1012.1,10,0
1069,26.7,42,3.1992e+06,10,0
1070,26.7,45,55337,10,0
1071,26.7,0,56231,10,0
1072,26.7,3,-1011,10,0
1073,26.8,42,3.2047e+06,10,0
1074,26.8,45,54325,10,0
1075,26.8,0,56188,10,0
1076,26.8,3,-1010,10,0
1077,26.9,42,3.2101e+06,10,0
1078,26.9,45,53314,10,0
1079,26.9,0,56146,10,0
1080,26.9,3,-1008.9,10,0
1081,27,42,3.2153e+06,10,0
1082,27,45,52304,10,0
1083,27,0,56105,10,0
1084,27,3,-1007.9,10,0
1085,27.1,42,3.2206e+06,10,0
1086,27.1,45,51295,10,0
1087,27.1,0,56064,10,0
1088,27.1,3,-1006.8,10,0
1089,27.2,42,3.2256e+06,10,0
1090,27.2,45,50288,10,0
1091,27.2,0,56024,10,0
1092,27.2,3,-1005.9,10,0
1093,27.3,42,3.2306e+06,10,0
1094,27.3,45,49281,10,0
1095,27.3,0,55985,10,0
1096,27.3,3,-1004.9,10,0
1097,27.4,42,3.2355e+06,10,0
1098,27.4,45,48275,10,0
1099,27.4,0,55947,10,0
1100,27.4,3,-1003.9,10,0
1101,27.5,42,3.2402e+06,10,0
1102,27.5,45,47271,10,0
1103,27.5,0,55910,10,0
1104,27.5,3,-1003,10,0
1105,27.6,42,3.2449e+06,10,0
1106,27.6,45,46267,10,0
1107,27.6,0,55873,10,0
1108,27.6,3,-1002,10,0
1109,27.7,42,3.2495e+06,10,0
1110,27.7,45,45264,10,0
1111,27.7,0,55837,10,0
1112,27.7,3,-1001.1,10,0
1113,27.8,42,3.254e+06,10,0
1114,27.8,45,44263,10,0
1115,27.8,0,55803,10,0
1116,27.8,3,-1000.3,10,0
1117,27.9,42,3.2584e+06,10,0
1118,27.9,45,43261,10,0
1119,27.9,0,55768,10,0
1120,27.9,3,-999.39,10,0
1121,28,42,3.2626e+06,10,0
1122,28,45,42261,10,0
1123,28,0,55735,10,0
1124,28,3,-998.55,10,0
1125,28.1,42,3.2668e+06,10,0
1126,28.1,45,41262,10,0
1127,28.1,0,55703,10,0
1128,28.1,3,-997.73,10,0
1129,28.2,42,3.2709e+06,10,0
1130,28.2,45,40263,10,0
1131,28.2,0,55670,10,0
1132,28.2,3,-996.9,10,0
1133,28.3,42,3.2749e+06,10,0
1134,28.3,45,39266,10,0
1135,28.3,0,55640,10,0
1136,28.3,3,-996.11,10,0
1137,28.4,42,3.2787e+06,10,0
1138,28.4,45,38269,10,0
1139,28.4,0,55610,10,0
1140,28.4,3,-995.33,10,0
1141,28.5,42,3.2826e+06,10,0
1142,28.5,45,37272,10,0
1143,28.5,0,55579,10,0
1144,28.5,3,-994.55,10,0
1145,28.6,42,3.2862e+06,10,0
1146,28.6,45,36278,10,0
1147,28.6,0,55551,10,0
1148,28.6,3,-993.82,10,0
1149,28.7,42,3.2897e+06,10,0
1150,28.7,45,35283,10,0
1151,28.7,0,55524,10,0
1152,28.7,3,-993.09,10,0
1153,28.8,42,3.2933e+06,10,0
1154,28.8,45,34289,10,0
1155,28.8,0,55496,10,0
1156,28.8,3,-992.37,10,0
1157,28.9,42,3.2966e+06,10,0
1158,28.9,45,33296,10,0
1159,28.9,0,55470,10,0
1160,28.9,3,-991.7,10,0
1161,29,42,3.2999e+06,10,0
1162,29,45,32304,10,0
1163,29,0,55445,10,0
1164,29,3,-991.03,10,0
1165,29.1,42,3.3031e+06,10,0
1166,29.1,45,31312,10,0
1167,29.1,0,55419,10,0
1168,29.1,3,-990.36,10,0
1169,29.2,42,3.3061e+06,10,0
1170,29.2,45,30321,10,0
1171,29.2,0,55396,10,0
1172,29.2,3,-989.73,10,0
1173,29.3,42,3.3091e+06,10,0
1174,29.3,45,29331,10,0
1175,29.3,0,55373,10,0
1176,29.3,3,-989.1,10,0
1177,29.4,42,3.3121e+06,10,0
1178,29.4,45,28340,10,0
1179,29.4,0,55350,10,0
1180,29.4,3,-988.47,10,0
1181,29.5,42,3.3148e+06,10,0
1182,29.5,45,27352,10,0
1183,29.5,0,55329,10,0
1184,29.5,3,-987.87,10,0
1185,29.6,42,3.3174e+06,10,0
1186,29.6,45,26363,10,0
1187,29.6,0,55308,10,0
1188,29.6,3,-987.29,10,0
1189,29.7,42,3.3201e+06,10,0
1190,29.7,45,25375,10,0
1191,29.7,0,55288,10,0
1192,29.7,3,-986.71,10,0
1193,29.8,42,3.3226e+06,10,0
1194,29.8,45,24387,10,0
1195,29.8,0,55268,10,0
1196,29.8,3,-986.15,10,0
1197,29.9,42,3.3249e+06,10,0
1198,29.9,45,23401,10,0
1199,29.9,0,55251,10,0
1200,29.9,3,-985.62,10,0
1201,30,42,3.3272e+06,10,0
1202,30,45,22415,10,0
1203,30,0,55233,10,0
1204,30,3,-985.09,10,0
1205,30.1,42,3.3295e+06,10,0
1206,30.1,45,21428,10,0
1207,30.1,0,55215,10,0
1208,30.1,3,-984.56,10,0
1209,30.2,42,3.3315e+06,10,0
1210,30.2,45,20443,10,0
1211,30.2,0,55199,10,0
1212,30.2,3,-984.12,10,0
1213,30.3,42,3.3334e+06,10,0
1214,30.3,45,19459,10,0
1215,30.3,0,55185,10,0
1216,30.3,3,-983.71,10,0
1217,30.4,42,3.3353e+06,10,0
1218,30.4,45,18475,10,0
1219,30.4,0,55170,10,0
1220,30.4,3,-983.3,10,0
1221,30.5,42,3.3372e+06,10,0
1222,30.5,45,17490,10,0
1223,30.5,0,55155,10,0
1224,30.5,3,-982.89,10,0
1225,30.6,42,3.3389e+06,10,0
1226,30.6,45,16507,10,0
1227,30.6,0,55142,10,0
1228,30.6,3,-982.54,10,0
1229,30.7,42,3.3404e+06,10,0
1230,30.7,45,15524,10,0
1231,30.7,0,55130,10,0
1232,30.7,3,-982.26,10,0
1233,30.8,42,3.3419e+06,10,0
1234,30.8,45,14541,10,0
1235,30.8,0,55119,10,0
1236,30.8,3,-981.97,10,0
1237,30.9,42,3.3434e+06,10,0
1238,30.9,45,13559,10,0
1239,30.9,0,55107,10,0
1240,30.9,3,-981.68,10,0
1241,31,42,3.3448e+06,10,0
1242,31,45,12576,10,0
1243,31,0,55097,10,0
1244,31,3,-981.46,10,0
1245,31.1,42,3.3459e+06,10,0
1246,31.1,45,11595,10,0
1247,31.1,0,55088,10,0
1248,31.1,3,-981.36,10,0
1249,31.2,42,3.347e+06,10,0
1250,31.2,45,10613,10,0
1251,31.2,0,55080,10,0
1252,31.2,3,-981.25,10,0
1253,31.3,42,3.3481e+06,10,0
1254,31.3,45,9631.9,10,0
1255,31.3,0,55071,10,0
1256,31.3,3,-981.14,10,0
1257,31.4,42,3.349e+06,10,0
1258,31.4,45,8650.5,10,0
1259,31.4,0,55064,10,0
1260,31.4,3,-981.05,10,0
1261,31.5,42,3.3498e+06,10,0
1262,31.5,45,7669.4,10,0
1263,31.5,0,55058,10,0
1264,31.5,3,-980.99,10,0
1265,31.6,42,3.3505e+06,10,0
1266,31.6,45,6688.4,10,0
1267,31.6,0,55052,10,0
1268,31.6,3,-980.93,10,0
1269,31.7,42,3.3512e+06,10,0
1270,31.7,45,5707.3,10,0
1271,31.7,0,55047,10,0
1272,31.7,3,-980.65,10,0
1273,31.8,42,3.3516e+06,10,0
1274,31.8,45,4726.4,10,0
1275,31.8,0,55044,10,0
1276,31.8,3,-978.55,10,0
1277,31.9,42,3.3521e+06,10,0
1278,31.9,45,3745.5,10,0
1279,31.9,0,55040,10,0
1280,31.9,3,-976.44,10,0
1281,32,42,3.3525e+06,10,0
1282,32,45,2764.7,10,0
1283,32,0,55037,10,0
1284,32,3,-974.33,10,0
1285,32.1,42,3.3526e+06,10,0
1286,32.1,45,1789.9,10,0
1287,32.1,0,55036,10,0
1288,32.1,3,-972.22,10,0
1289,32.2,42,3.3528e+06,10,0
1290,32.2,45,815.75,10,0
1291,32.2,0,55035,10,0
1292,32.2,3,-970.11,10,0
